,City,Cloudiness,Country,Date,Humidity,Lat,Lng,Max Temp,Wind Speed
0,jamestown,0,AU,1578336105,47,-33.21,138.6,62.74,9.33
1,ruiz,20,MX,1578336105,33,21.95,-105.15,77.0,4.7
2,north bend,90,US,1578336105,87,43.41,-124.22,52.0,6.93
3,lagoa,0,PT,1578335918,76,37.14,-8.45,57.99,2.24
4,morehead,1,US,1578336106,52,38.18,-83.43,44.6,3.29
5,mendeleyevsk,90,RU,1578336106,92,55.89,52.31,23.0,4.47
6,busselton,7,AU,1578336106,27,-33.64,115.35,64.99,10.89
7,ishigaki,52,JP,1578336106,73,24.34,124.16,71.94,15.75
8,ancud,75,CL,1578336106,71,-41.87,-73.83,57.2,11.41
9,balkhash,76,KZ,1578336107,79,46.84,74.98,14.16,5.68
10,hobart,100,AU,1578335929,77,-42.88,147.33,59.0,4.7
11,cherskiy,0,RU,1578336107,66,68.75,161.3,-15.21,4.61
12,zhigansk,100,RU,1578336107,95,66.77,123.37,-2.42,21.63
13,hermanus,100,ZA,1578336107,74,-34.42,19.24,66.99,1.01
14,dikson,100,RU,1578336108,93,73.51,80.55,13.78,15.75
15,atuona,46,PF,1578336108,74,-9.8,-139.03,79.63,15.66
16,kiunga,100,PG,1578336108,99,-6.12,141.3,74.25,1.66
17,cape town,97,ZA,1578336102,68,-33.93,18.42,68.0,20.8
18,jieshi,70,CN,1578336108,75,22.82,115.83,70.0,3.09
19,bandarbeyla,4,SO,1578336108,81,9.49,50.81,79.5,13.38
20,fukue,20,JP,1578336108,74,35.03,136.69,43.0,9.17
21,albany,90,US,1578335969,74,42.65,-73.75,37.99,8.05
22,boundiali,80,CI,1578336109,15,9.53,-6.48,82.11,1.99
23,myitkyina,18,MM,1578336109,74,25.38,97.4,52.77,3.85
24,yellowknife,75,CA,1578336109,74,62.45,-114.38,-23.01,5.82
25,mangan,54,IN,1578336109,47,27.5,88.54,33.58,4.38
26,bredasdorp,100,ZA,1578336109,63,-34.53,20.04,66.2,4.7
27,port alfred,95,ZA,1578336109,96,-33.59,26.89,69.01,9.44
28,adrar,0,DZ,1578336110,17,27.87,-0.29,62.6,14.99
29,charlestown,90,US,1578336110,69,41.38,-71.64,39.99,6.93
30,vitim,100,RU,1578336110,92,59.44,112.57,17.51,13.49
31,beloha,10,MG,1578336110,73,-25.17,45.06,76.48,15.1
32,ichchapuram,0,IN,1578336110,75,19.11,84.69,62.69,3.42
33,vaini,22,IN,1578336110,86,15.34,74.49,67.37,5.21
34,quatre cocos,75,MU,1578336110,94,-20.21,57.76,80.6,7.25
35,ushuaia,75,AR,1578336111,66,-54.81,-68.31,51.8,6.93
36,lebu,40,ET,1578335964,77,8.96,38.73,59.0,11.41
37,barrow,34,AR,1578336111,29,-38.31,-60.23,73.06,21.27
38,kloulklubed,75,PW,1578336111,83,7.04,134.26,78.8,13.87
39,bell ville,3,AR,1578336111,42,-32.63,-62.69,78.01,8.99
40,fort saint james,68,CA,1578336112,95,54.43,-124.25,10.2,0.92
41,punta arenas,40,CL,1578336112,59,-53.16,-70.91,60.8,23.04
42,rudiskes,90,LT,1578336112,98,54.52,24.83,33.8,6.93
43,tuktoyaktuk,75,CA,1578336112,74,69.44,-133.03,-23.8,8.05
44,mataura,89,NZ,1578336112,90,-46.19,168.86,51.01,5.01
45,xichang,0,CN,1578336112,48,27.88,102.25,29.35,4.21
46,klaksvik,85,FO,1578335846,75,62.23,-6.59,42.8,18.34
47,nhulunbuy,40,AU,1578336112,94,-12.18,136.78,78.8,3.36
48,torbay,90,CA,1578336113,92,47.66,-52.73,28.99,19.46
49,sept-iles,20,CA,1578336077,40,50.2,-66.38,14.0,6.93
50,vila franca do campo,75,PT,1578335987,93,37.72,-25.43,64.4,13.87
51,nome,40,US,1578336113,57,30.04,-94.42,75.2,12.75
52,qaanaaq,59,GL,1578336113,53,77.48,-69.36,-12.53,5.23
53,kapaa,40,US,1578336113,83,22.08,-159.32,75.2,23.04
54,marawi,100,PH,1578336113,89,8.0,124.29,75.99,3.0
55,rikitea,85,PF,1578336114,73,-23.12,-134.97,76.01,13.27
56,khatanga,89,RU,1578336114,94,71.98,102.47,9.01,11.63
57,ankara,75,TR,1578335969,80,39.92,32.85,35.01,16.11
58,pali,64,IN,1578336114,33,25.77,73.33,65.55,6.4
59,buenos aires,14,AR,1578336114,28,-34.61,-58.44,82.4,8.05
60,bluff,55,AU,1578336114,80,-23.58,149.07,73.26,10.89
61,bambous virieux,75,MU,1578336115,94,-20.34,57.76,80.6,10.09
62,nouadhibou,99,MR,1578336115,56,20.93,-17.03,68.0,14.99
63,yinchuan,100,CN,1578336115,68,38.48,106.21,23.04,1.28
64,hithadhoo,100,MV,1578336115,73,-0.6,73.08,84.2,11.83
65,sinjar,0,SY,1578336115,83,35.59,37.0,48.15,4.92
66,kaitangata,84,NZ,1578335816,81,-46.28,169.85,51.01,4.0
67,spring hill,1,US,1578336115,36,28.46,-82.54,68.0,3.36
68,butaritari,100,KI,1578336116,80,3.07,172.79,84.85,20.76
69,visby,90,SE,1578336116,92,57.64,18.3,44.01,9.17
70,two rivers,1,US,1578335888,55,44.15,-87.57,37.0,21.92
71,ribeira grande,75,PT,1578336116,93,38.52,-28.7,64.4,14.99
72,port elizabeth,75,US,1578336116,39,39.31,-74.98,52.0,12.75
73,celestun,0,MX,1578336116,68,20.87,-90.4,72.91,9.51
74,mount isa,83,AU,1578336116,57,-20.73,139.49,80.6,5.82
75,carnarvon,94,ZA,1578336117,24,-30.97,22.13,75.31,19.37
76,ust-kuyga,0,RU,1578336117,92,70.0,135.55,-24.11,7.85
77,avera,1,US,1578336117,51,33.19,-82.53,63.0,8.21
78,elliot lake,90,CA,1578336117,68,46.37,-82.65,28.4,21.92
79,narsaq,20,GL,1578336117,34,60.91,-46.05,1.4,5.82
80,palmer,0,AU,1578336117,59,-34.85,139.16,64.99,4.7
81,mahon,20,IE,1578336118,93,51.89,-8.4,45.0,6.93
82,mushie,44,CD,1578336118,62,-3.02,16.92,81.54,1.77
83,macheng,100,CN,1578336118,92,31.18,115.03,43.75,11.65
84,saint-philippe,90,CA,1578336118,85,45.36,-73.48,28.4,12.75
85,avarua,15,CK,1578335896,88,-21.21,-159.78,80.6,1.12
86,san luis,9,AR,1578336119,20,-33.3,-66.34,80.6,3.22
87,komsomolskiy,100,RU,1578336119,93,67.55,63.78,8.64,18.12
88,sri aman,100,MY,1578336119,100,1.24,111.46,77.0,1.68
89,kota kinabalu,75,MY,1578336119,78,5.98,116.07,80.6,6.93
90,adelaide,2,AU,1578336013,59,-34.93,138.6,64.99,4.7
91,sur,0,OM,1578336119,68,22.57,59.53,73.27,4.05
92,ostrovnoy,98,RU,1578336119,95,68.05,39.51,14.5,11.07
93,marsh harbour,90,BS,1578336120,61,26.54,-77.06,68.56,9.8
94,sampit,100,ID,1578336120,95,-2.54,112.95,76.21,2.44
95,majene,100,ID,1578336120,76,-3.54,118.97,77.31,3.22
96,pavilosta,73,LV,1578336120,100,56.89,21.19,41.0,6.93
97,flagstaff,1,US,1578336120,47,35.2,-111.65,53.01,13.87
98,chapais,75,CA,1578336120,84,49.78,-74.86,6.8,9.17
99,goya,97,AR,1578336121,46,-29.14,-59.27,83.28,5.75
100,cabra,0,ES,1578336121,76,37.47,-4.43,51.8,2.24
101,miandrivazo,100,MG,1578336121,74,-19.53,45.46,81.86,4.29
102,kodiak,1,US,1578336095,55,39.95,-94.76,42.01,6.93
103,mangrol,96,IN,1578336121,43,25.33,76.51,61.48,5.32
104,georgetown,20,GY,1578336098,66,6.8,-58.16,86.0,9.17
105,seybaplaya,75,MX,1578336122,54,19.65,-90.67,78.8,2.44
106,lahaina,20,US,1578336122,64,20.87,-156.68,75.2,13.87
107,balasheyka,96,RU,1578336122,97,53.28,48.09,22.15,4.29
108,huangzhai,50,CN,1578336122,96,23.86,112.01,62.15,2.44
109,hambantota,94,LK,1578336123,80,6.12,81.12,80.2,23.91
110,bethel,1,US,1578336123,68,60.79,-161.76,-18.4,10.29
111,caravelas,86,BR,1578336123,71,-17.73,-39.27,84.24,15.77
112,irbeyskoye,79,RU,1578336123,83,55.64,95.45,16.57,1.81
113,savannah bight,91,HN,1578336123,83,16.45,-85.85,76.89,18.05
114,kaminskiy,100,RU,1578336124,95,57.16,41.47,21.51,5.03
115,pontarlier,0,CH,1578336124,59,46.9,6.35,41.0,3.36
116,temir,95,KZ,1578336124,95,49.14,57.13,19.02,8.23
117,severo-kurilsk,100,RU,1578336124,84,50.68,156.12,24.53,15.35
118,iqaluit,75,CA,1578336124,57,63.75,-68.52,-11.2,10.29
119,san cristobal,93,HN,1578336124,65,14.68,-86.92,71.83,7.67
120,pisco,29,PE,1578335862,30,-13.71,-76.2,73.0,11.41
121,manadhoo,77,MV,1578336125,78,5.77,73.38,82.92,19.75
122,clyde river,90,CA,1578335996,67,70.47,-68.59,-25.6,17.22
123,new norfolk,100,AU,1578336125,77,-42.78,147.06,59.0,4.7
124,lorengau,25,PG,1578336125,75,-2.02,147.27,84.47,11.61
125,ilulissat,75,GL,1578336125,64,69.22,-51.1,-2.2,11.41
126,rodeo,88,MX,1578336125,17,25.18,-104.56,65.32,2.57
127,teya,75,MX,1578336126,51,21.05,-89.07,80.6,6.93
128,tucson,1,US,1578335912,34,32.22,-110.93,62.01,3.36
129,arraial do cabo,40,BR,1578336126,83,-22.97,-42.02,82.4,8.05
130,nisia floresta,40,BR,1578336126,55,-6.09,-35.21,87.8,13.87
131,taoudenni,71,ML,1578336126,12,22.68,-3.98,63.9,8.72
132,les cayes,0,HT,1578336127,53,18.19,-73.75,81.07,2.44
133,parkent,90,UZ,1578336127,98,41.29,69.68,32.0,6.93
134,richards bay,67,ZA,1578336127,85,-28.77,32.06,79.11,8.57
135,jacareacanga,91,BR,1578336127,85,-6.22,-57.76,83.28,3.29
136,den helder,90,NL,1578336127,80,52.96,4.76,42.01,12.75
137,lasa,75,CY,1578336127,63,34.92,32.53,60.8,14.99
138,hilo,75,US,1578336128,73,19.71,-155.08,73.4,5.82
139,okulovka,99,RU,1578336128,90,58.37,33.3,28.13,6.89
140,constitucion,20,MX,1578336128,24,23.99,-104.67,59.0,3.36
141,ishimbay,100,RU,1578336128,96,53.45,56.04,15.82,5.1
142,billings,75,US,1578336129,29,45.79,-108.5,42.01,16.11
143,byron bay,75,AU,1578336129,94,-28.65,153.62,75.0,1.14
144,isiro,84,CD,1578336129,42,2.77,27.62,73.06,2.24
145,codrington,90,AU,1578336129,83,-28.95,153.24,72.0,0.96
146,outjo,56,NA,1578336129,93,-20.11,16.16,66.2,3.36
147,nikolskoye,75,RU,1578336129,94,59.7,30.79,34.0,11.18
148,sirjan,0,IR,1578336130,53,29.44,55.67,42.85,3.71
149,zhuhai,100,CN,1578336130,66,40.71,112.04,14.0,4.47
150,olinda,90,AU,1578336130,93,-37.84,145.39,63.0,4.7
151,half moon bay,1,US,1578336130,62,37.46,-122.43,55.0,5.17
152,porto novo,40,BR,1578336130,54,-23.68,-45.44,82.4,12.75
153,nishihara,90,JP,1578336130,60,35.74,139.53,45.0,5.82
154,provideniya,100,RU,1578335899,84,64.42,-173.23,-9.4,3.02
155,baghdad,0,IQ,1578335985,62,33.3,44.38,53.6,3.36
156,puerto ayora,75,EC,1578336131,65,-0.74,-90.35,82.4,16.11
157,palana,0,RU,1578335961,77,59.08,159.95,3.16,3.69
158,komatipoort,0,MZ,1578336131,68,-25.43,31.96,79.0,9.86
159,bonavista,100,CA,1578336064,75,48.65,-53.11,28.04,23.02
160,jumla,99,NP,1578336131,97,29.28,82.18,29.68,0.87
161,honningsvag,75,NO,1578336131,95,70.98,25.97,32.0,20.8
162,rio gallegos,40,AR,1578336124,58,-51.62,-69.22,59.0,16.11
163,norsup,51,VU,1578336132,79,-16.07,167.38,81.59,15.23
164,lodwar,27,KE,1578336132,33,3.12,35.6,89.64,9.19
165,warmbad,15,DE,1578336132,92,50.67,13.08,36.0,1.12
166,nanning,20,CN,1578336132,88,22.83,108.3,68.0,2.24
167,middle island,1,US,1578336132,45,40.88,-72.94,46.99,13.87
168,hasaki,75,JP,1578336133,64,35.73,140.83,39.2,8.05
169,vao,100,EE,1578336133,97,59.1,26.19,35.87,6.62
170,aklavik,20,CA,1578336133,66,68.22,-135.01,-29.2,3.36
171,tanda,100,IN,1578336133,92,31.67,75.63,51.22,0.4
172,beringovskiy,12,RU,1578336133,86,63.05,179.32,-10.35,12.68
173,taft,62,PH,1578336133,86,11.9,125.42,79.11,12.57
174,castro,75,CL,1578336098,71,-42.48,-73.76,57.2,11.41
175,moissala,52,TD,1578336134,24,8.34,17.77,81.18,4.0
176,laguna,90,BZ,1578336134,83,16.17,-88.94,71.6,4.23
177,taurage,100,LT,1578336134,94,55.25,22.29,35.28,9.35
178,sterling,1,US,1578336094,40,39.0,-77.4,54.0,13.87
179,aleysk,0,RU,1578336134,86,52.5,82.77,4.87,0.89
180,takoradi,0,GH,1578336134,60,4.89,-1.75,81.3,9.51
181,birjand,0,IR,1578336135,55,32.86,59.22,32.0,4.7
182,cayenne,84,GF,1578335922,58,4.94,-52.33,86.0,13.87
183,asyut,0,EG,1578336135,52,27.18,31.19,50.76,7.27
184,tutoia,20,BR,1578336135,66,-2.76,-42.27,87.8,16.11
185,floro,75,NO,1578336135,75,61.6,5.03,48.2,35.57
186,thompson,90,CA,1578336021,84,55.74,-97.86,-2.2,4.7
187,buta,100,CD,1578336135,47,2.79,24.73,78.49,1.3
188,cavalcante,97,BR,1578336136,90,-13.79,-47.46,69.49,12.44
189,curuguaty,15,PY,1578336136,35,-24.47,-55.69,93.09,3.78
190,kortkeros,45,RU,1578336136,92,61.81,51.56,8.6,4.47
191,tasiilaq,97,GL,1578336136,86,65.61,-37.64,18.66,43.04
192,hami,22,CN,1578336136,45,42.84,93.51,19.47,1.83
193,pevek,0,RU,1578335903,75,69.7,170.27,-8.36,5.53
194,mar del plata,32,AR,1578336137,30,-46.43,-67.52,69.93,3.67
195,chuy,38,UY,1578336137,39,-33.69,-53.46,88.65,16.22
196,hoa binh,75,VN,1578336137,88,20.81,105.34,69.8,9.17
197,ambon,90,FR,1578336137,87,47.55,-2.56,53.01,11.41
198,hamilton,75,CA,1578336029,80,43.26,-79.87,39.0,20.8
199,port lincoln,0,AU,1578336137,75,-34.72,135.86,61.5,9.19
200,harnosand,42,SE,1578336138,100,62.63,17.94,34.0,3.36
201,esperance,0,AU,1578336138,88,-33.86,121.89,62.6,3.36
202,kieta,34,PG,1578336138,78,-6.22,155.63,81.91,6.11
203,cordoba,32,AR,1578336138,38,-27.78,-67.24,78.08,7.31
204,bereznik,92,RU,1578336138,92,62.86,42.71,17.76,7.05
205,turayf,0,SA,1578336138,56,31.68,38.65,44.6,13.87
206,xining,100,CN,1578336138,92,36.62,101.77,17.62,1.43
207,fairbanks,20,US,1578336029,65,64.84,-147.72,-34.6,0.13
208,fortuna,1,US,1578336139,93,40.6,-124.16,50.0,9.17
209,coquimbo,0,CL,1578336139,53,-29.95,-71.34,73.4,13.87
210,leningradskiy,0,RU,1578336139,74,69.38,178.42,-8.32,7.94
211,kruisfontein,100,ZA,1578336139,85,-34.0,24.73,65.01,5.91
212,lata,100,IN,1578336139,98,30.78,78.62,18.39,4.63
213,grindavik,75,IS,1578336139,69,63.84,-22.43,35.6,26.4
214,conakry,0,GN,1578336140,51,9.52,-13.7,82.31,10.31
215,koslan,91,RU,1578336140,92,63.46,48.9,8.49,6.82
216,kupang,100,ID,1578336140,78,-10.16,123.6,83.07,12.41
217,porto walter,9,BR,1578336140,37,-8.27,-72.74,93.63,8.19
218,chokurdakh,0,RU,1578336140,97,70.62,147.9,-20.65,2.44
219,lavrentiya,99,RU,1578336140,84,65.58,-170.99,-7.46,1.01
220,rubizhne,99,UA,1578336141,88,49.02,38.37,30.07,8.61
221,yulara,100,AU,1578335878,60,-25.24,130.99,75.2,8.05
222,longyearbyen,20,NO,1578336141,51,78.22,15.63,10.4,11.41
223,san pedro,85,AR,1578336141,33,-33.68,-59.66,80.01,10.0
224,geraldton,90,CA,1578336141,71,49.72,-86.95,8.6,8.05
225,jacmel,20,HT,1578336142,45,18.24,-72.54,86.0,9.17
226,saint george,40,GR,1578336142,47,39.45,22.34,42.8,11.41
227,brae,100,GB,1578336142,87,60.4,-1.35,48.2,23.04
228,kangaatsiaq,100,GL,1578336142,99,68.31,-53.46,-1.7,17.02
229,ponta do sol,40,BR,1578336142,69,-20.63,-46.0,79.79,3.42
230,souillac,90,FR,1578336143,93,45.6,-0.6,41.0,9.17
231,yerbogachen,100,RU,1578336143,93,61.28,108.01,17.78,13.89
232,saint-joseph,90,FR,1578336143,87,43.56,6.97,55.4,0.98
233,shelburne,75,CA,1578336143,59,44.08,-80.2,34.0,17.22
234,riyadh,0,SA,1578336097,76,24.63,46.72,51.8,3.36
235,sorland,90,NO,1578336143,93,67.67,12.69,46.4,25.28
236,ponta delgada,75,PT,1578336144,93,37.73,-25.67,64.4,13.87
237,fallon,90,US,1578336144,58,46.84,-105.12,32.0,25.28
238,ca mau,68,VN,1578336144,84,9.18,105.15,75.07,3.09
239,volot,99,RU,1578336144,91,57.93,30.71,31.46,7.31
240,coruripe,0,BR,1578336108,70,-10.12,-36.18,82.27,15.68
241,nesna,75,NO,1578336145,93,66.2,13.02,46.4,16.11
242,saint-augustin,90,CA,1578336145,85,45.63,-73.98,24.01,12.75
243,caceres,29,CO,1578336145,64,5.53,-74.53,81.27,3.96
244,atar,78,MR,1578336145,8,20.52,-13.05,66.09,12.1
245,clermont,90,FR,1578336053,81,49.38,2.41,42.8,11.41
246,yar-sale,0,RU,1578336145,87,66.83,70.83,4.77,13.91
247,east london,90,ZA,1578336145,100,-33.02,27.91,68.0,3.36
248,deloraine,90,AU,1578336146,87,-41.53,146.66,60.01,2.08
249,oudtshoorn,90,ZA,1578336146,93,-33.59,22.2,62.6,3.36
250,pucallpa,87,PE,1578336146,36,-8.38,-74.54,95.49,6.4
251,isangel,97,VU,1578336146,85,-19.55,169.27,76.64,15.84
252,gat,65,SN,1578336146,17,14.69,-16.54,84.2,6.93
253,sayyan,21,YE,1578336146,43,15.17,44.32,58.77,3.98
254,waddan,48,LY,1578336146,47,29.16,16.14,51.3,13.35
255,dingle,98,PH,1578336146,95,11.0,122.67,73.08,8.66
256,paamiut,97,GL,1578336147,68,61.99,-49.67,1.72,13.29
257,dole,0,FR,1578336147,94,47.09,5.49,41.0,1.12
258,cabo san lucas,20,MX,1578335998,50,22.89,-109.91,75.99,4.18
259,tiksi,91,RU,1578336147,84,71.64,128.87,-5.84,8.41
260,hengshui,100,CN,1578336147,72,37.73,115.7,36.72,7.94
261,zilair,100,RU,1578336147,95,52.23,57.44,18.27,2.75
262,hofn,20,IS,1578336147,52,64.25,-15.21,41.0,17.22
263,mirnyy,100,RU,1578336148,82,56.57,36.46,26.04,8.43
264,anadyr,0,RU,1578336148,66,64.73,177.51,-31.0,4.47
265,carlsbad,8,CZ,1578336035,92,50.23,12.87,33.01,1.12
266,sao pedro do sul,75,BR,1578336148,38,-29.62,-54.18,93.2,11.41
267,imeni poliny osipenko,84,RU,1578336149,97,52.42,136.49,-9.58,5.39
268,udachnyy,100,RU,1578336149,90,66.42,112.4,7.59,13.27
269,cowra,99,AU,1578336149,90,-33.84,148.69,62.01,6.29
270,yenagoa,43,NG,1578336149,54,4.92,6.26,84.72,9.82
271,basti,93,IN,1578336149,58,26.79,82.72,56.82,1.45
272,seoul,90,KR,1578336149,100,37.57,126.98,42.8,3.36
273,gorin,95,BF,1578336149,23,12.34,-0.67,73.54,4.61
274,luderitz,58,NA,1578336041,68,-26.65,15.16,69.8,19.46
275,ouargaye,81,BF,1578336150,23,11.5,0.06,80.74,4.59
276,hovd,92,NO,1578336150,61,63.83,10.7,48.0,19.46
277,wagar,0,US,1578336150,59,31.44,-87.99,68.0,4.99
278,los llanos de aridane,20,ES,1578336150,72,28.66,-17.92,66.2,18.34
279,zelenoborskiy,49,RU,1578336150,96,66.84,32.36,14.61,2.55
280,barra do garcas,40,BR,1578335934,55,-15.89,-52.26,89.6,2.24
281,barao de melgaco,75,BR,1578336151,52,-16.19,-55.97,89.6,14.99
282,abu dhabi,20,AE,1578336071,60,24.47,54.37,68.0,9.17
283,baruun-urt,0,MN,1578336151,78,46.68,113.28,3.15,7.2
284,peruibe,13,BR,1578336151,83,-24.32,-47.0,77.13,8.03
285,port blair,0,IN,1578336151,80,11.67,92.75,80.71,16.13
286,yarim,9,YE,1578336151,44,14.3,44.38,59.45,7.4
287,ibra,0,OM,1578336152,59,22.69,58.55,72.25,9.1
288,prince rupert,90,CA,1578336152,71,54.32,-130.32,32.0,5.82
289,balkanabat,72,TM,1578336152,73,39.51,54.36,39.51,6.96
290,oranjemund,66,ZA,1578336152,78,-28.55,16.43,62.73,18.03
291,mahebourg,75,MU,1578336152,94,-20.41,57.7,80.6,2.13
292,westport,1,US,1578336086,60,41.14,-73.36,46.4,8.05
293,victoria,75,BN,1578336041,74,5.28,115.24,82.4,4.7
294,de-kastri,4,RU,1578336153,86,51.48,140.77,9.3,8.03
295,sao joao da barra,20,BR,1578336153,66,-21.64,-41.05,89.6,13.87
296,bonnyville,20,CA,1578336047,65,54.27,-110.74,3.2,11.41
297,pilar,75,AR,1578336053,30,-34.46,-58.91,82.4,18.34
298,ambilobe,100,MG,1578336154,86,-13.19,49.05,78.39,4.79
299,utica,90,US,1578336104,78,43.1,-75.23,39.0,9.17
300,college,75,US,1578336154,58,64.86,-147.8,-34.6,2.08
301,yertsevo,100,RU,1578336154,91,60.8,40.09,22.35,8.41
302,toamasina,40,MG,1578336154,83,-18.17,49.38,80.6,4.7
303,usoke,75,TZ,1578336154,88,-5.09,32.32,71.6,5.82
304,kingisepp,95,RU,1578336154,97,59.38,28.61,33.49,5.53
305,biltine,20,TD,1578336154,20,14.53,20.93,73.27,9.46
306,umm lajj,0,SA,1578336155,58,25.02,37.27,57.24,6.08
307,bilibino,0,RU,1578336155,83,68.06,166.44,-16.35,2.51
308,bol,75,TD,1578336155,30,13.47,14.72,70.88,14.43
309,pangnirtung,75,CA,1578336155,54,66.15,-65.72,-27.4,2.24
310,kajaani,90,FI,1578336155,96,64.22,27.73,33.8,9.17
311,aswan,0,EG,1578336155,34,24.09,32.9,48.58,1.34
312,puerto escondido,40,MX,1578335912,79,15.86,-97.07,84.2,8.05
313,samarai,100,PG,1578336156,87,-10.62,150.67,75.29,1.1
314,cidreira,15,BR,1578336156,81,-30.17,-50.22,76.55,13.87
315,saskylakh,100,RU,1578336156,95,71.97,114.09,0.64,5.08
316,alofi,75,NU,1578336156,94,-19.06,-169.92,77.0,3.36
317,vardo,1,US,1578336156,34,39.62,-77.74,51.01,19.46
318,manicore,61,BR,1578336157,41,-5.81,-61.3,95.22,3.78
319,saldanha,77,PT,1578336157,80,41.42,-6.55,38.75,1.23
320,nanortalik,0,GL,1578336157,74,60.14,-45.24,12.29,49.37
321,offa,20,CI,1578336157,26,5.92,-4.35,85.39,2.24
322,la ronge,90,CA,1578336157,70,55.1,-105.3,1.4,16.11
323,prescott,0,US,1578335970,22,34.54,-112.47,53.01,11.56
324,ukiah,1,US,1578336038,80,39.15,-123.21,57.0,1.68
325,kontagora,36,NG,1578336158,23,10.4,5.47,81.73,1.54
326,hammerfest,75,NO,1578336158,89,70.66,23.68,35.6,14.99
327,kailua,75,US,1578336158,78,21.39,-157.74,75.99,16.11
328,eureka,1,US,1578336158,93,40.8,-124.16,50.0,8.05
329,tabas,0,IR,1578336158,41,33.6,56.92,42.8,4.7
330,vila velha,20,BR,1578336158,62,-3.71,-38.6,86.0,12.75
331,progreso,75,UY,1578336159,60,-34.68,-56.22,78.01,17.22
332,tazovskiy,34,RU,1578336159,90,67.47,78.7,5.47,13.96
333,ekhabi,29,RU,1578336159,79,53.51,142.97,3.13,9.69
334,naze,95,NG,1578336159,31,5.43,7.07,85.89,2.57
335,mount gambier,7,AU,1578336159,100,-37.83,140.78,46.4,3.36
336,comodoro rivadavia,40,AR,1578336160,37,-45.87,-67.48,68.0,17.22
337,san patricio,50,PY,1578336160,20,-26.98,-56.83,101.57,2.75
338,boshnyakovo,100,RU,1578336160,95,49.65,142.17,13.44,8.21
339,petropavlovsk-kamchatskiy,100,RU,1578336160,58,53.05,158.65,26.6,4.47
340,faya,0,SA,1578336160,87,18.39,42.45,59.0,5.82
341,tezu,0,IN,1578336161,70,27.93,96.16,50.59,3.4
342,bundaberg,75,AU,1578336161,83,-24.87,152.35,73.99,5.82
343,bambanglipuro,99,ID,1578336161,87,-7.95,110.28,75.63,1.19
344,rondonopolis,95,BR,1578336161,83,-16.46,-54.64,82.26,6.55
345,touros,40,BR,1578336161,55,-5.2,-35.46,87.8,13.87
346,ulladulla,100,AU,1578336161,100,-35.36,150.48,64.99,5.82
347,morada nova,69,BR,1578336162,38,-5.1,-38.37,94.39,9.82
348,damietta,2,EG,1578336162,55,31.42,31.81,62.69,29.97
349,mangaluru,0,IN,1578336162,83,12.87,74.84,78.8,2.01
350,shingu,1,JP,1578336162,57,33.72,135.99,48.6,5.77
351,whitehorse,90,CA,1578336040,75,60.72,-135.06,-9.99,3.36
352,ewa beach,1,US,1578336162,69,21.32,-158.01,75.99,9.17
353,atambua,100,ID,1578336162,87,-9.11,124.89,75.43,1.79
354,puerto carreno,20,CO,1578336163,52,6.19,-67.49,91.4,14.99
355,maniitsoq,100,GL,1578336163,81,65.42,-52.9,-2.47,13.22
356,quelimane,75,MZ,1578336163,83,-17.88,36.89,82.4,3.36
357,maturin,49,VE,1578336163,59,9.75,-63.18,85.15,5.26
358,villaviciosa,95,ES,1578336163,87,43.48,-5.43,48.99,4.7
359,kadaya,100,RU,1578336163,95,50.93,119.29,3.87,4.72
360,grand gaube,75,MU,1578336163,94,-20.01,57.66,80.6,5.99
361,fuling,91,CN,1578336164,95,29.71,107.39,43.59,4.27
362,mecca,0,SA,1578336164,34,21.43,39.83,64.65,5.73
363,goderich,97,CA,1578336164,76,43.74,-81.71,37.99,15.99
364,oxelosund,75,SE,1578336164,100,58.67,17.1,44.6,9.17
365,attingal,20,IN,1578336164,83,8.7,76.81,82.4,2.24
366,hirara,74,JP,1578335945,76,24.8,125.28,70.54,18.14
367,mednogorsk,100,RU,1578336165,97,51.41,57.59,16.25,2.21
368,annau,90,TM,1578336165,93,37.89,58.52,39.2,6.93
369,kungurtug,0,RU,1578336165,79,50.6,97.53,-3.08,3.15
370,bijie,84,CN,1578336165,96,27.3,105.3,38.86,5.1
371,conde,100,BR,1578336007,77,-11.81,-37.61,81.05,12.53
372,berlevag,20,NO,1578336165,85,70.86,29.09,15.8,14.99
373,zaraza,2,VE,1578336166,47,9.35,-65.33,89.26,9.44
374,dukat,0,AL,1578336166,33,40.25,19.57,43.0,7.72
375,kulhudhuffushi,83,MV,1578336166,80,6.62,73.07,82.31,18.12
376,stavropol,75,RU,1578336166,92,45.04,41.97,26.6,15.66
377,verkhnevilyuysk,100,RU,1578336166,93,63.45,120.31,13.71,8.12
378,karasburg,77,NA,1578336166,30,-28.01,18.75,84.51,8.84
379,maraba,75,BR,1578336166,100,-5.35,-49.1,77.0,5.82
380,rivadavia,56,AR,1578336126,16,-31.53,-68.59,82.24,2.89
381,wilhelmsburg,5,AT,1578336167,80,48.11,15.61,30.99,4.7
382,havre-saint-pierre,1,CA,1578336167,43,50.23,-63.6,10.4,4.7
383,along,0,IN,1578336167,94,28.17,94.8,45.64,3.83
384,salalah,40,OM,1578336167,78,17.01,54.1,77.0,3.36
385,upernavik,100,GL,1578336167,99,72.79,-56.15,-7.83,12.95
386,san buenaventura,98,MX,1578336168,13,27.06,-101.55,74.62,3.58
387,katsuura,75,JP,1578336168,70,33.93,134.5,44.6,4.7
388,joao camara,40,BR,1578336168,55,-5.54,-35.82,87.8,13.87
389,saint leonard,1,US,1578336168,43,38.47,-76.51,54.0,9.17
390,san juan,56,AR,1578336061,16,-31.54,-68.53,82.24,2.89
391,lexington,1,US,1578335955,45,38.05,-84.5,46.4,2.42
392,coihaique,90,CL,1578336169,66,-45.58,-72.07,57.2,3.36
393,toyooka,38,JP,1578336169,83,35.55,134.82,35.1,1.61
394,dwarka,75,IN,1578336169,87,28.58,77.04,57.2,6.93
395,doka,0,SD,1578336169,36,13.52,35.76,76.46,11.39
396,mehamn,75,NO,1578336169,83,71.03,27.85,32.0,20.8
397,sao filipe,42,CV,1578336169,54,14.9,-24.5,73.38,22.53
398,houston,75,US,1578336036,56,29.76,-95.37,73.99,9.17
399,kyshtovka,93,RU,1578336170,96,56.56,76.62,6.28,8.12
400,labytnangi,76,RU,1578336170,85,66.66,66.39,7.7,11.77
401,airai,100,TL,1578336170,77,-8.93,125.41,69.37,4.81
402,murmashi,75,RU,1578336170,92,68.82,32.82,17.6,2.24
403,rurrenabaque,75,BO,1578336170,83,-14.44,-67.53,80.6,8.05
404,urengoy,97,RU,1578336171,95,65.96,78.37,8.24,9.28
405,ixtapa,40,MX,1578336171,36,20.71,-105.21,78.8,2.8
406,daura,11,NG,1578336171,24,13.04,8.32,71.87,9.01
407,milkovo,40,BG,1578336171,38,41.53,24.68,43.0,8.05
408,lishui,29,CN,1578336171,97,28.45,119.91,58.03,2.26
409,sault sainte marie,90,CA,1578336171,79,46.49,-84.36,26.6,19.46
410,bollnas,61,SE,1578336172,98,61.35,16.39,30.0,9.73
411,rio grande,75,BR,1578336172,73,-32.03,-52.1,82.99,13.87
412,gohpur,51,IN,1578336172,80,26.89,93.63,52.41,2.95
413,porosozero,97,RU,1578336172,95,62.72,32.71,29.05,7.0
414,chauk,0,MM,1578336172,78,20.89,94.82,62.37,7.16
415,kisangani,88,CD,1578336172,76,0.52,25.21,75.83,2.42
416,makokou,54,GA,1578336173,53,0.56,12.85,79.05,2.82
417,luba,34,PH,1578336173,83,17.32,120.7,68.77,3.83
418,albertville,0,FR,1578336173,65,45.68,6.39,39.0,1.12
419,sola,93,TZ,1578336173,88,-3.17,33.8,66.94,4.81
420,lakhdenpokhya,58,RU,1578336173,96,61.52,30.2,32.0,6.2
421,matara,98,BI,1578336173,90,-3.48,29.48,60.46,4.41
422,mazara del vallo,20,IT,1578336174,65,37.65,12.59,54.0,10.29
423,pondicherry,97,ZA,1578336174,68,-34.04,18.35,68.0,20.8
424,dudinka,58,RU,1578336174,92,69.41,86.18,10.4,22.37
425,bubaque,22,GW,1578336174,49,11.28,-15.83,80.17,13.13
426,aquiraz,20,BR,1578336174,62,-3.9,-38.39,86.0,12.75
427,carira,100,BR,1578336174,43,-10.36,-37.7,91.74,17.63
428,noumea,40,NC,1578336175,88,-22.28,166.46,79.0,2.24
429,guerrero negro,0,MX,1578336175,32,27.97,-114.04,67.64,2.73
430,sinnamary,88,GF,1578336175,78,5.38,-52.96,79.52,13.98
431,orlik,90,PL,1578336175,93,53.95,17.74,37.4,6.93
432,bud,100,NO,1578336175,80,62.91,6.91,51.8,6.93
433,dusetos,100,LT,1578336175,97,55.75,25.85,34.92,6.67
434,pestravka,76,RU,1578336175,97,52.4,49.95,22.75,3.4
435,staryy krym,100,UA,1578336176,95,45.03,35.1,34.9,8.23
436,bergen,75,NO,1578336176,93,60.39,5.33,43.0,27.51
437,rajshahi,0,BD,1578336176,51,24.37,88.59,60.01,6.4
438,bolobo,51,CD,1578336176,54,-2.17,16.23,82.38,2.89
439,zaykovo,7,RU,1578336176,94,57.56,62.76,14.95,7.0
440,rio verde de mato grosso,71,BR,1578335923,67,-18.92,-54.84,85.32,5.84
441,basco,1,US,1578336177,51,40.33,-91.2,39.99,3.36
442,kavieng,11,PG,1578336177,76,-2.57,150.8,84.43,12.66
443,burnie,99,AU,1578336177,84,-41.05,145.91,60.01,3.0
444,tuatapere,100,NZ,1578336177,90,-46.13,167.69,51.01,5.01
445,dicabisagan,77,PH,1578336177,82,17.08,122.42,73.74,5.46
446,bontang,99,ID,1578336177,82,0.12,117.47,80.58,12.44
447,mareeba,40,AU,1578336177,88,-16.99,145.42,79.0,6.93
448,port hardy,90,CA,1578336178,86,50.7,-127.42,39.2,14.99
449,faanui,33,PF,1578336178,79,-16.48,-151.75,81.48,15.5
450,sokoto,26,NG,1578336178,24,13.06,5.24,77.67,8.03
451,san jose,75,HN,1578335886,60,14.25,-87.96,73.4,20.8
452,bayog,100,PH,1578336179,94,7.85,123.04,70.77,1.7
453,dolores,91,UY,1578336179,52,-33.53,-58.22,77.0,8.01
454,lima,18,PE,1578336179,69,-12.06,-77.04,77.0,14.99
455,port moresby,75,PG,1578336179,100,-9.47,147.16,75.2,5.82
456,boajibu,12,SL,1578336179,28,8.19,-11.34,85.95,2.75
457,lincoln,20,GB,1578336116,93,53.23,-0.54,48.0,16.11
458,sirur,7,IN,1578336179,67,18.83,74.38,68.7,1.54
459,saint-louis,55,SN,1578335933,12,16.03,-16.5,80.6,9.17
460,ahipara,97,NZ,1578336180,92,-35.17,173.16,57.99,1.01
461,khani,58,GE,1578336180,43,41.96,42.96,50.0,17.22
462,skjervoy,75,NO,1578336180,70,70.03,20.97,35.6,5.82
463,birao,71,CF,1578336180,25,10.3,22.78,74.19,8.03
464,buraydah,20,SA,1578336124,43,26.33,43.97,55.4,3.36
465,salmas,75,IR,1578336180,82,38.2,44.77,32.0,4.56
466,talcahuano,20,CL,1578336181,49,-36.72,-73.12,68.0,14.99
467,oranjestad,40,AW,1578335994,66,12.52,-70.03,84.2,8.05
468,saint anthony,90,US,1578336181,79,43.97,-111.68,28.0,17.22
469,sosnovo-ozerskoye,87,RU,1578336181,100,52.53,111.54,-6.39,4.14
470,sangar,100,RU,1578336181,92,63.92,127.47,-2.02,9.98
471,chicama,20,PE,1578336182,83,-7.84,-79.15,71.6,11.41
472,nicoya,20,CR,1578336182,55,10.15,-85.45,87.8,19.46
473,varhaug,75,NO,1578336182,87,58.61,5.65,45.0,19.46
474,kargasok,91,RU,1578336182,95,59.06,80.87,9.16,8.23
475,henties bay,3,NA,1578336183,86,-22.12,14.28,64.0,1.01
476,sobolevo,93,RU,1578336183,85,54.43,31.9,26.13,8.46
477,turukhansk,100,RU,1578336183,95,65.8,87.96,15.67,4.68
478,lompoc,1,US,1578336183,53,34.64,-120.46,66.99,4.18
479,uchiza,39,PE,1578336183,55,-8.46,-76.46,83.21,3.24
480,goiatuba,45,BR,1578336183,70,-18.02,-49.36,82.35,6.64
481,husavik,6,CA,1578336153,75,50.56,-96.99,24.01,5.99
482,kinsale,20,IE,1578336184,93,51.71,-8.52,45.0,6.93
483,hervey bay,75,AU,1578336184,83,-25.3,152.85,73.99,5.82
484,shalya,100,RU,1578336184,97,57.25,58.73,21.04,3.94
485,bonthe,1,SL,1578336185,60,7.53,-12.5,81.82,10.8
486,talnakh,98,RU,1578336185,92,69.49,88.39,10.4,22.37
487,chor,66,PK,1578336185,42,25.52,69.77,65.17,12.35
488,sergeyevka,41,KZ,1578336185,95,53.88,67.42,6.96,6.73
489,nieuw amsterdam,40,SR,1578336185,74,5.88,-55.08,87.8,3.36
490,norman wells,20,CA,1578336185,72,65.28,-126.83,-43.6,2.24
491,corowa,90,AU,1578336186,93,-36.0,146.39,61.0,6.93
492,bonham,1,US,1578336186,47,33.58,-96.18,63.0,5.82
493,bukama,89,CD,1578336186,93,-9.2,25.85,72.59,1.32
494,kuldur,96,RU,1578336186,93,49.22,131.63,3.02,1.57
495,hualmay,22,PE,1578336186,54,-11.1,-77.61,80.01,11.12
496,gizo,0,IL,1578336012,71,31.8,34.94,53.01,4.7
497,hongjiang,75,CN,1578336186,97,27.21,109.83,57.4,2.1
498,am timan,35,TD,1578336187,25,11.04,20.28,77.77,4.05
499,oktyabrskoye,75,RU,1578336187,85,56.73,85.44,21.0,11.18
500,kaeo,100,NZ,1578336187,92,-35.1,173.78,60.01,1.01
501,leh,100,IN,1578336187,90,34.16,77.58,12.33,2.1
502,sisimiut,94,GL,1578336187,86,66.94,-53.67,-17.03,6.91
503,flinders,100,AU,1578336188,100,-34.58,150.85,70.0,5.82
504,awbari,32,LY,1578336188,53,26.59,12.77,54.43,11.81
505,warwick,90,US,1578336180,86,41.7,-71.42,36.0,3.36
506,staryy nadym,75,RU,1578336188,85,65.61,72.68,4.93,13.53
507,kodinsk,37,RU,1578336188,95,58.6,99.18,12.58,5.84
508,nhlangano,56,SZ,1578336188,83,-27.11,31.2,69.84,5.19
509,bagdarin,0,RU,1578336189,79,54.44,113.59,-5.78,3.42
510,sol-iletsk,100,RU,1578336189,96,51.16,55.0,20.64,6.85
511,alice springs,40,AU,1578336125,60,-23.7,133.88,71.6,4.7
512,poum,0,MK,1578336189,46,41.28,20.71,28.4,10.29
513,vuktyl,99,RU,1578335934,96,63.86,57.31,2.25,9.26
514,ulcinj,0,ME,1578336189,32,41.93,19.22,42.8,13.87
515,rawson,11,AR,1578336190,58,-43.3,-65.11,58.33,14.25
516,tiznit,9,MA,1578336190,64,29.7,-9.73,53.01,4.45
517,kudahuvadhoo,26,MV,1578336190,79,2.67,72.89,82.74,15.37
518,namibe,100,AO,1578336190,87,-15.19,12.15,72.99,11.65
519,broome,75,GB,1578336190,93,52.47,1.45,46.99,12.75
520,kiboga,60,UG,1578336190,59,0.92,31.77,71.96,1.86
521,kyzyl-suu,98,KG,1578336190,54,42.34,78.0,22.08,5.06
522,andrews,1,US,1578336191,19,32.32,-102.55,63.0,19.46
523,mackenzie,90,CA,1578336191,92,55.34,-123.09,8.6,2.28
524,obo,0,CF,1578336191,31,5.39,26.49,76.5,2.82
525,okha,29,RU,1578336191,79,53.59,142.95,3.13,9.69
526,emborion,0,GR,1578336191,54,40.48,21.55,39.0,13.87
527,benidorm,0,ES,1578336149,87,38.54,-0.13,54.0,1.12
528,meulaboh,2,ID,1578336191,74,4.14,96.13,83.07,6.98
529,acapulco,5,MX,1578336137,45,16.86,-99.88,87.8,4.7
530,oistins,40,BB,1578336017,58,13.07,-59.53,86.0,16.11
531,vanersborg,90,SE,1578336192,93,58.38,12.32,45.0,11.41
532,chiredzi,0,ZW,1578336192,27,-21.05,31.67,84.24,6.38
533,mabaruma,14,GY,1578336192,46,8.2,-59.78,88.72,4.09
534,ossora,96,RU,1578336192,94,59.24,163.07,6.93,6.67
535,vila,0,IT,1578336192,88,45.18,8.4,39.0,4.7
536,poyarkovo,100,RU,1578336193,95,49.62,128.65,1.81,3.06
537,serravalle,0,IT,1578336193,86,43.97,12.48,42.8,3.36
538,gweru,100,ZW,1578336193,35,-19.46,29.82,76.41,9.78
539,nalut,52,LY,1578336193,65,31.86,10.98,50.97,11.92
540,bumba,50,CD,1578336193,56,2.18,22.47,79.68,1.41
541,makubetsu,0,JP,1578336193,72,42.84,143.34,19.74,5.99
542,moindou,40,NC,1578336194,88,-21.69,165.68,68.0,2.24
543,malinyi,96,TZ,1578336194,86,-8.94,36.14,77.23,2.19
544,tocopilla,0,CL,1578336019,33,-22.09,-70.2,72.01,14.94
545,rocha,82,UY,1578336194,27,-34.48,-54.34,83.28,15.77
546,emba,75,CY,1578336194,63,34.81,32.42,60.8,14.99
547,pochutla,20,MX,1578336194,58,15.74,-96.47,88.0,10.29
548,ketchikan,90,US,1578336194,86,55.34,-131.65,33.8,8.05
549,waipawa,20,NZ,1578336195,64,-39.94,176.59,57.99,7.0
550,san lorenzo,5,HN,1578336195,36,13.43,-87.45,91.4,1.12
551,flin flon,90,CA,1578336195,84,54.77,-101.88,8.6,8.05
552,ponta pora,40,BR,1578336195,52,-22.54,-55.73,89.6,16.11
553,hohhot,100,CN,1578336195,66,40.81,111.65,14.0,4.47
554,kathmandu,20,NP,1578336195,100,27.71,85.32,42.8,1.5
555,nantucket,90,US,1578336090,55,41.28,-70.1,36.0,5.82
556,port macquarie,40,AU,1578336196,94,-31.43,152.91,73.0,5.39
557,kuruman,100,ZA,1578336196,56,-27.46,23.43,72.0,6.29
558,baijiantan,0,CN,1578336196,90,45.63,85.18,9.99,3.13
559,santa rosa,0,AR,1578336196,14,-36.62,-64.29,80.56,22.59
560,miri,92,NG,1578336196,29,10.31,9.75,74.05,5.35
561,margate,100,AU,1578336018,77,-43.03,147.26,59.0,4.7
562,safranbolu,100,TR,1578336196,98,41.25,32.69,29.61,4.83
563,garowe,0,SO,1578336197,71,8.41,48.48,77.86,18.9
564,antsohihy,98,MG,1578336197,93,-14.88,47.99,77.07,1.7
565,sandpoint,90,US,1578336197,97,48.28,-116.55,33.8,3.36
566,clarence town,90,AU,1578336197,94,-32.59,151.78,71.01,5.82
567,laukaa,90,FI,1578335796,90,62.42,25.95,33.01,5.82
